"","sequence_size","db_size","cores","time"
"1",200000,200000,1,1.26881873607635
"2",200000,200000,2,57.2547519207001
"3",200000,200000,4,37.3636090755463
"4",200000,200000,8,32.3231329917908
